{"$transition_time_push_size":0.15,"$transition_time_pop_size":0.15,"$transition_time_push":0.15,"$transition_time_pop":0.15,"$container_transition_time_push":0.15,"$container_transition_time_pop":0.15,"$7_color_format":[0.667,0.667,0.667],"$material_quartz_color":[1.0,0.392,0.694],"$material_iron_color":[0.831,0.380,1.0],"$material_netherite_color":[0.314,0.671,1.0],"$material_redstone_color":[0.216,0.953,0.686],"$material_copper_color":[0.471,1.0,0.294],"$material_gold_color":[0.541,0.824,0.173],"$material_emerald_color":[0.961,0.894,0.443],"$material_diamond_color":[1.0,0.424,0.224],"$material_lapis_color":[1.0,0.231,0.231],"$material_amethyst_color":[0.831,0.831,0.831]}