{
   "content" : [
      {
         "path" : "manifest.json"
      },
      {
         "path" : "ui/_ui_defs.json"
      },
      {
         "path" : "textures/ui/hive/hive_special_button_hover.png"
      },
      {
         "path" : "ui/server_form.json"
      },
      {
         "path" : "textures/ui/hive/hive_special_button.png"
      },
      {
         "path" : "ui/hive/server_form/left_button_panel.json"
      },
      {
         "path" : "textures/ui/hive/hive_scoreboard_entry.json"
      },
      {
         "path" : "textures/ui/hive/whitetransparencygradient.png"
      },
      {
         "path" : "textures/gui/newgui/mob_effects/village_hero_effect.png"
      },
      {
         "path" : "textures/ui/hive/hive_scoreboard_entry.png"
      },
      {
         "path" : "ui/hive/server_form/bottom_button_panel.json"
      },
      {
         "path" : "ui/hive/server_form/square_image_panel.json"
      },
      {
         "path" : "ui/ui_common.json"
      },
      {
         "path" : "ui/hud_screen.json"
      },
      {
         "path" : "textures/ui/hive/shop_close_button_default.png"
      },
      {
         "path" : "textures/ui/title.png"
      },
      {
         "path" : "ui/hive/server_form/button_grid_panel.json"
      },
      {
         "path" : "textures/ui/hive/hive_normal_button.png"
      },
      {
         "path" : "textures/ui/hive/loading_grid.png"
      },
      {
         "path" : "ui/_global_variables.json"
      },
      {
         "path" : "ui/hive/server_form/button_image_grid_panel.json"
      },
      {
         "path" : "textures/items/locker.png"
      },
      {
         "path" : "textures/ui/hive/hive_inside_corners.json"
      },
      {
         "path" : "textures/ui/village_hero_effect.png"
      },
      {
         "path" : "textures/ui/hive/featured_bg_slice.json"
      },
      {
         "path" : "font/glyph_E1.png"
      },
      {
         "path" : "textures/ui/hive/hive_rounded_corners.png"
      },
      {
         "path" : "ui/scoreboards.json"
      },
      {
         "path" : "textures/items/friends.png"
      },
      {
         "path" : "textures/ui/hive/hive_inside_corners.png"
      },
      {
         "path" : "textures/ui/hive/hive_normal_button_hover.png"
      },
      {
         "path" : "textures/ui/hive/whitetransparency.png"
      },
      {
         "path" : "textures/ui/hive/featured_bg_slice.png"
      },
      {
         "path" : "textures/ui/hive/hive_rounded_corners.json"
      },
      {
         "path" : "contents.json"
      },
      {
         "path" : "pack_icon.png"
      }
   ],
   "version" : 1
}
